[
  {
    "code": "",
    "imports": "",
    "color": "#FF4081",
    "name": "Shizuku Master Blocks",
    "typeName": "",
    "palette": "10",
    "type": "h",
    "spec": "Shizuku Master  13.5.1 ------\u003e Android Sketchware Master"
  },
  {
    "code": "%1$s \u003d new ShizukuMaster(getApplicationContext());",
    "imports": "",
    "color": "#FF4081",
    "name": "shizuku constructor",
    "typeName": "",
    "palette": "10",
    "type": " ",
    "spec": "%m.ShizukuMaster Constructor - create a new ShizukuMaster instance"
  },
  {
    "code": "%1$s \u003d new ShizukuMaster(%2$s.this);",
    "imports": "",
    "color": "#FF4081",
    "name": "shizuku constructor_copy63",
    "typeName": "",
    "palette": "10",
    "type": " ",
    "spec": "%m.ShizukuMaster set activity %m.activity  - create a new ShizukuMaster instance"
  },
  {
    "code": "/*AXAVajPNTpbJjsz-NGVTp08YDzfI-04kA7ZsuCl4GHqTQQiuWL45sV6Vf4gwK\n\u003e[\"package\"]\n\u003e0\n\u003e0\n\u003e0\n\u003eadd\n\u003eAndroidManifest.xml\n    \u003cqueries\u003e\n        \u003cpackage android:name\u003d\"moe.shizuku.privileged.api\" /\u003e\n    \u003c/queries\u003e\n    \u003c!-- পুরোনো Android (SDK \u003c 30) এর জন্য --\u003e\n\u003cuses-permission android:name\u003d\"android.permission.READ_EXTERNAL_STORAGE\" /\u003e\n\u003cuses-permission android:name\u003d\"android.permission.WRITE_EXTERNAL_STORAGE\" /\u003e\n\n\u003c!-- Android 11 (SDK 30) এবং তার পরের জন্য --\u003e\n\u003cuses-permission android:name\u003d\"android.permission.MANAGE_EXTERNAL_STORAGE\" /\u003e\n\n\u003c!-- ADB এর মাধ্যমে Shizuku চালাতে হলে --\u003e\n\u003cuses-permission android:name\u003d\"android.permission.INTERNET\" /\u003e\n\u003cuses-permission android:name\u003d\"android.permission.FOREGROUND_SERVICE\" /\u003e\n\n\u003c!-- Shizuku কে binder permission চেক করতে দিতে হলে --\u003e\n\u003cuses-permission android:name\u003d\"moe.shizuku.manager.permission.API\" /\u003e\n\n\u003c!-- Android 13+ (optional) --\u003e\n\u003cuses-permission android:name\u003d\"android.permission.POST_NOTIFICATIONS\" /\u003e\n\r\n\t\u003cuses-permission android:name\u003d\"moe.shizuku.manager.permission.API_V23\" /\u003e\r\n\t\u003cuses-permission android:name\u003d\"android.permission.FOREGROUND_SERVICE\" /\u003e\nUi5_PNTJb21WO6OuGwQ3psk3su1LIvyXo_OAol-kVQBC5jtN_DcPLaRCJ0yXp*/\n\n/*-JX4UA2y_f1OckjjvxWI.bQwRei-sLEsBmds7ArsRfi0xSFEP3Php97kjdMCs5ed\n\u003e[\"public class\"]\n\u003e0\n\u003e0\n\u003e0\n\u003efind-replace-first\nimport android.Manifest;\nimport android.content.pm.PackageManager;\nimport android.os.Build;\nimport android.widget.Toast;\nimport android.os.AsyncTask;\nimport android.os.Environment;\nimport java.io.File;\nimport java.io.FileOutputStream;\nimport java.io.FileInputStream;\nimport android.os.Handler;\nimport android.os.Looper;\n\nimport rikka.shizuku.Shizuku;\nimport android.content.pm.PackageManager;\r\nimport android.content.pm.PackageInfo;\nimport android.content.pm.PackageManager;\nimport android.content.pm.PackageManager.NameNotFoundException;\nimport android.content.Intent; \nimport android.content.pm.PackageManager; import android.net.Uri; \nimport android.widget.Toast;\nimport android.provider.Settings;\n\npublic class\nBpWI8U4flOpx8Ke66QTlZYBA_NEusQ7BN-D0wvZs7ArsRfi0.EP3Php97kjdMCs*/\n\n\n/*AXAVajPNTpbJjsz-NGVTp08YDzfI-04kA7ZsuCl4GHqTQQiuWL45sV6Vf4gwK\n\u003e[\"android:required\u003d\\\"false\\\" /\u003e\"]\n\u003e0\n\u003e0\n\u003e0\n\u003eadd\n\u003eAndroidManifest.xml\n\u003cprovider\n            android:name\u003d\"rikka.shizuku.ShizukuProvider\"\n            android:authorities\u003d\"%1$s.shizuku\"\n            android:multiprocess\u003d\"false\"\n            android:enabled\u003d\"true\"\n            android:exported\u003d\"true\"\n            android:permission\u003d\"android.permission.INTERACT_ACROSS_USERS_FULL\" /\u003e\n            \n            \u003cmeta-data\n            android:name\u003d\"moe.shizuku.client.V3_SUPPORT\"\n            android:value\u003d\"true\" /\u003e\nUi5_PNTJb21WO6OuGwQ3psk3su1LIvyXo_OAol-kVQBC5jtN_DcPLaRCJ0yXp*/\n\n/*\n\u003cprovider\n    android:name\u003d\"rikka.shizuku.ShizukuProvider\"\n    android:authorities\u003d\"${applicationId}.shizuku\"\n    android:multiprocess\u003d\"false\"\n    android:enabled\u003d\"true\"\n    android:exported\u003d\"true\"\n    android:permission\u003d\"android.permission.INTERACT_ACROSS_USERS_FULL\" /\u003e\n\n\u003c!-- android:permission\u003d\"android.permission.INTERACT_ACROSS_USERS_FULL\" is to protect this provider from accessing by normal apps --\u003e\n*/",
    "imports": "",
    "color": "#FF4081",
    "name": "shizuku constructor_copy83",
    "typeName": "",
    "palette": "10",
    "type": " ",
    "spec": "oncreate provider set package %s.inputOnly "
  },
  {
    "code": "",
    "imports": "",
    "color": "#FF4081",
    "name": "rkkstora",
    "typeName": "",
    "palette": "10",
    "type": "h",
    "spec": "storage permission ------\u003e"
  },
  {
    "code": "%1$s.needsStoragePermission()",
    "imports": "",
    "color": "#FF4081",
    "name": "onctt",
    "typeName": "",
    "palette": "10",
    "type": "b",
    "spec": "%m.ShizukuMaster   Check storage permissions if not granted (for SDK \u003e\u003d 21)"
  },
  {
    "code": "if (%1$s.isTargetSdkAtLeast30()) {\n\t\t\n\t\tIntent intent \u003d new Intent(Settings.ACTION_MANAGE_APP_ALL_FILES_ACCESS_PERMISSION);\n\t\tintent.setData(Uri.parse(\"package:\" + getPackageName()));\n\t\tstartActivityForResult(intent, 5001);\n\t} else {\n\t\t\n\t\trequestPermissions(\n\t\tnew String[]{\n\t\t\tManifest.permission.READ_EXTERNAL_STORAGE,\n\t\t\tManifest.permission.WRITE_EXTERNAL_STORAGE\n\t\t},\n\t\t5000\n\t\t);\n\t}",
    "imports": "",
    "color": "#FF4081",
    "name": "onctt_copy97",
    "typeName": "",
    "palette": "10",
    "type": " ",
    "spec": "%m.ShizukuMaster   Request storage permissions if not granted (for SDK \u003e\u003d 21)"
  },
  {
    "code": "",
    "imports": "",
    "color": "#FF4081",
    "name": "shizuku permission",
    "typeName": "",
    "palette": "10",
    "type": "h",
    "spec": "shizuku all in one permission ---\u003e"
  },
  {
    "code": "%1$s.ensureShizukuReady()",
    "imports": "",
    "color": "#FF4081",
    "name": "shizuku ensureShizukuReady",
    "typeName": "",
    "palette": "10",
    "type": "b",
    "spec": "%m.ShizukuMaster Shizuku all in one Ready check - verify Shizuku is ready before actions"
  },
  {
    "code": "%1$s.ensureShizukuReady()",
    "imports": "",
    "color": "#FF4081",
    "name": "shizuku ensureShizukuReady_copy14",
    "typeName": "",
    "palette": "10",
    "type": "h",
    "spec": "\u003c--\u0026-\u0026---shizuku manuela track-------\u003e"
  },
  {
    "code": "%1$s.hasPermission()",
    "imports": "",
    "color": "#FF4081",
    "name": "shizuku hasPermission",
    "typeName": "",
    "palette": "10",
    "type": "b",
    "spec": "%m.ShizukuMaster hasPermission - check if Shizuku permission is granted"
  },
  {
    "code": "%1$s.requestPermission();",
    "imports": "",
    "color": "#FF4081",
    "name": "shizuku requestPermission",
    "typeName": "",
    "palette": "10",
    "type": " ",
    "spec": "%m.ShizukuMaster requestPermission - ask user for Shizuku permission"
  },
  {
    "code": "%1$s.destroy();",
    "imports": "",
    "color": "#FF4081",
    "name": "shizuku destroy",
    "typeName": "",
    "palette": "10",
    "type": " ",
    "spec": "%m.ShizukuMaster destroy - release Shizuku resources"
  },
  {
    "code": "%1$s.isShizukuAvailable()",
    "imports": "",
    "color": "#FF4081",
    "name": "shizuku isShizukuAvailable",
    "typeName": "",
    "palette": "10",
    "type": "b",
    "spec": "%m.ShizukuMaster run isShizukuAvailable - check if Shizuku service is available"
  },
  {
    "code": "%1$s.isShizukuInstalled()",
    "imports": "",
    "color": "#FF4081",
    "name": "shizuku isShizukuInstalled",
    "typeName": "",
    "palette": "10",
    "type": "b",
    "spec": "%m.ShizukuMaster isShizukuInstalled - check if Shizuku app is installed"
  },
  {
    "code": "%1$s.openShizukuApp();",
    "imports": "",
    "color": "#FF4081",
    "name": "shizuku isShizukuInstalled_copy74",
    "typeName": "",
    "palette": "10",
    "type": " ",
    "spec": "%m.ShizukuMaster shizuku open"
  },
  {
    "code": "%1$s.getShizukuMode()",
    "imports": "",
    "color": "#FF4081",
    "name": "shizuku isShizukuInstalled_copy73",
    "typeName": "",
    "palette": "10",
    "type": "s",
    "spec": "%m.ShizukuMaster shizuku check mod"
  },
  {
    "code": "%1$s.isDeveloperModeEnabled()",
    "imports": "",
    "color": "#FF4081",
    "name": "shizuku isDeveloperModeEnabled",
    "typeName": "",
    "palette": "10",
    "type": "b",
    "spec": "%m.ShizukuMaster isDeveloperModeEnabled - check if developer mode is enabled"
  },
  {
    "code": "%1$s.isAdbEnabled()",
    "imports": "",
    "color": "#FF4081",
    "name": "shizuku isAdbEnabled",
    "typeName": "",
    "palette": "10",
    "type": "b",
    "spec": "%m.ShizukuMaster isAdbEnabled - check if ADB is enabled"
  },
  {
    "code": "",
    "imports": "",
    "color": "#FF4081",
    "name": "sgixhi",
    "typeName": "",
    "palette": "10",
    "type": "h",
    "spec": "shizuku asset ------\u003e"
  },
  {
    "code": "%1$s.copyAssetSmart(%2$s,%3$s)",
    "imports": "",
    "color": "#FF4081",
    "name": "copyAssetViaShizuku",
    "typeName": "",
    "palette": "10",
    "type": "b",
    "spec": "%m.ShizukuMaster copyAssetViaShizuku( asset %s  to path + name %s )"
  },
  {
    "code": "%1$s.copyAndUnzipAssetSmart(%2$s,%3$s)",
    "imports": "",
    "color": "#FF4081",
    "name": "copyAndUnzipAssetViaShizuku",
    "typeName": "",
    "palette": "10",
    "type": "b",
    "spec": "%m.ShizukuMaster copyAndUnzipAssetViaShizuku( asset zip name %s  to path  %s )"
  },
  {
    "code": "",
    "imports": "",
    "color": "#FF4081",
    "name": "shizhi",
    "typeName": "",
    "palette": "10",
    "type": "h",
    "spec": "shizuku file manager ----\u003e"
  },
  {
    "code": "%1$s.execCommandBool(%2$s)",
    "imports": "",
    "color": "#FF4081",
    "name": "shizuku delete_copy14",
    "typeName": "",
    "palette": "10",
    "type": "b",
    "spec": "%m.ShizukuMaster execCommand %s"
  },
  {
    "code": "%1$s.delete(%2$s)",
    "imports": "",
    "color": "#FF4081",
    "name": "shizuku delete",
    "typeName": "",
    "palette": "10",
    "type": "b",
    "spec": "%m.ShizukuMaster delete file or folder at path %s"
  },
  {
    "code": "%1$s.move(%2$s, %3$s)",
    "imports": "",
    "color": "#FF4081",
    "name": "shizuku move",
    "typeName": "",
    "palette": "10",
    "type": "b",
    "spec": "%m.ShizukuMaster move file/folder from %s to %s"
  },
  {
    "code": "%1$s.copy(%2$s, %3$s)",
    "imports": "",
    "color": "#FF4081",
    "name": "shizuku copy",
    "typeName": "",
    "palette": "10",
    "type": "b",
    "spec": "%m.ShizukuMaster copy file/folder from %s to %s"
  },
  {
    "code": "%1$s.mkdir(%2$s)",
    "imports": "",
    "color": "#FF4081",
    "name": "shizuku mkdir",
    "typeName": "",
    "palette": "10",
    "type": "b",
    "spec": "%m.ShizukuMaster make directory at path %s"
  },
  {
    "code": "%1$s.touch(%2$s)",
    "imports": "",
    "color": "#FF4081",
    "name": "shizuku touch",
    "typeName": "",
    "palette": "10",
    "type": "b",
    "spec": "%m.ShizukuMaster create empty file at path %s"
  },
  {
    "code": "%1$s.chmod(%2$s, %3$s)",
    "imports": "",
    "color": "#FF4081",
    "name": "shizuku chmod",
    "typeName": "",
    "palette": "10",
    "type": "b",
    "spec": "%m.ShizukuMaster set permissions %s for path %s"
  },
  {
    "code": "%1$s.chown(%2$s, %3$s)",
    "imports": "",
    "color": "#FF4081",
    "name": "shizuku chown",
    "typeName": "",
    "palette": "10",
    "type": "b",
    "spec": "%m.ShizukuMaster change owner to %s for path %s"
  },
  {
    "code": "%1$s.rename(%2$s, %3$s)",
    "imports": "",
    "color": "#FF4081",
    "name": "shizuku rename",
    "typeName": "",
    "palette": "10",
    "type": "b",
    "spec": "%m.ShizukuMaster rename file/folder from %s to %s"
  },
  {
    "code": "%1$s.fileExists(%2$s)",
    "imports": "",
    "color": "#FF4081",
    "name": "shizuku fileExists",
    "typeName": "",
    "palette": "10",
    "type": "b",
    "spec": "%m.ShizukuMaster check if file/folder exists at %s"
  },
  {
    "code": "%1$s.isDirectory(%2$s)",
    "imports": "",
    "color": "#FF4081",
    "name": "shizuku isDirectory",
    "typeName": "",
    "palette": "10",
    "type": "b",
    "spec": "%m.ShizukuMaster check if path %s is a directory"
  },
  {
    "code": "%1$s.execCommand(%2$s)",
    "imports": "",
    "color": "#FF4081",
    "name": "shizuku execCommand",
    "typeName": "",
    "palette": "10",
    "type": "s",
    "spec": "%m.ShizukuMaster execute shell command %s"
  },
  {
    "code": "%1$s.readFile(%2$s)",
    "imports": "",
    "color": "#FF4081",
    "name": "shizuku readFile",
    "typeName": "",
    "palette": "10",
    "type": "b",
    "spec": "%m.ShizukuMaster read file content from path %s"
  },
  {
    "code": "%1$s.writeFile(%2$s, %3$s)",
    "imports": "",
    "color": "#FF4081",
    "name": "shizuku writeFile",
    "typeName": "",
    "palette": "10",
    "type": "b",
    "spec": "%m.ShizukuMaster write content %s to file at path %s"
  },
  {
    "code": "%1$s.getFilePermissions(%2$s)",
    "imports": "",
    "color": "#FF4081",
    "name": "shizuku getFilePermissions",
    "typeName": "",
    "palette": "10",
    "type": "s",
    "spec": "%m.ShizukuMaster get file permissions of path %s"
  },
  {
    "code": "%1$s.getFileOwner(%2$s)",
    "imports": "",
    "color": "#FF4081",
    "name": "shizuku getFileOwner",
    "typeName": "",
    "palette": "10",
    "type": "s",
    "spec": "%m.ShizukuMaster get file owner of path %s"
  },
  {
    "code": "%1$s.getFileSize(%2$s)",
    "imports": "",
    "color": "#FF4081",
    "name": "shizuku getFileSize",
    "typeName": "",
    "palette": "10",
    "type": "s",
    "spec": "%m.ShizukuMaster get file size of path %s"
  },
  {
    "code": "%1$s.zip(%2$s, %3$s)",
    "imports": "",
    "color": "#FF4081",
    "name": "shizuku zip",
    "typeName": "",
    "palette": "10",
    "type": "b",
    "spec": "%m.ShizukuMaster zip folder or file at path %s to zip file %s"
  },
  {
    "code": "%1$s.unzip(%2$s, %3$s)",
    "imports": "",
    "color": "#FF4081",
    "name": "shizuku unzip",
    "typeName": "",
    "palette": "10",
    "type": "b",
    "spec": "%m.ShizukuMaster unzip zip file at path %s to folder %s"
  },
  {
    "code": "%1$s.zipWithPassword(%2$s, %3$s, %4$s)",
    "imports": "",
    "color": "#FF4081",
    "name": "shizuku zipWithPassword",
    "typeName": "",
    "palette": "10",
    "type": "b",
    "spec": "%m.ShizukuMaster zip folder or file at path %s to zip file %s with password %s"
  },
  {
    "code": "%1$s.unzipWithPassword(%2$s, %3$s, %4$s)",
    "imports": "",
    "color": "#FF4081",
    "name": "shizuku unzipWithPassword",
    "typeName": "",
    "palette": "10",
    "type": "b",
    "spec": "%m.ShizukuMaster unzip file at path %s to folder %s using password %s"
  }
]